orden,Puntuacion total directa,Transformada,Porcentaje
1,137.34,"89,88",85.8375
2,128.0,"85,71",80.0
3,122.67,"83,33",76.6687
4,122.66,"83,33",76.6625
5,115.67,"80,21",72.29375
6,113.67,"79,32",71.04375
7,113.33,"79,17",70.83125
8,112.67,"78,87",70.41875
9,112.67,"78,87",70.41875
10,110.67,"77,98",69.16875
11,110.0,"77,68",68.75
12,110.0,"77,68",68.75
13,109.0,"77,23",68.125
14,108.33,"76,93",67.70625
15,107.66,"76,64",67.2875
16,107.0,"76,34",66.875
17,107.0,"76,34",66.875
18,107.0,"76,34",66.875
19,106.34,"76,04",66.4625
20,106.33,"76,04",66.45625
21,106.0,"75,89",66.25
22,106.0,"75,89",66.25
23,106.0,"75,89",66.25
24,105.66,"75,75",66.0375
25,105.66,"75,75",66.0375
26,105.34,"75,59",65.8375
27,105.34,"75,59",65.8375
28,105.33,"75,59",65.83125
29,105.0,"75,45",65.625
30,105.0,"75,45",65.625
31,104.67,"75,3",65.41875
32,104.33,"75,15",65.20625
33,104.33,"75,15",65.20625
34,104.0,75,65.0
35,103.33,"74,7",64.58125
36,103.0,"74,55",64.375
37,103.0,"74,55",64.375
38,102.67,"74,41",64.16875
39,102.34,"74,25",63.9625
40,102.0,"74,11",63.74999999999999
41,101.67,"73,96",63.543749999999996
42,101.67,"73,96",63.543749999999996
43,101.34,"73,81",63.337500000000006
44,101.33,"73,81",63.33125
45,101.33,"73,81",63.33125
46,101.0,"73,66",63.125
47,101.0,"73,66",63.125
48,100.67,"73,51",62.91875
49,100.67,"73,51",62.91875
50,100.33,"73,36",62.70625
51,100.33,"73,36",62.70625
52,100.33,"73,36",62.70625
53,100.0,"73,21",62.5
54,100.0,"73,21",62.5
55,99.33,"72,92",62.08125
56,99.34,"72,92",62.087500000000006
57,99.34,"72,92",62.087500000000006
58,99.33,"72,92",62.08125
59,99.33,"72,92",62.08125
60,99.34,"72,92",62.087500000000006
61,99.0,"72,77",61.875
62,99.0,"72,77",61.875
63,98.66,"72,62",61.662499999999994
64,98.33,"72,47",61.456250000000004
65,98.34,"72,47",61.4625
66,98.33,"72,47",61.456250000000004
67,98.0,"72,32",61.25000000000001
68,97.66,"72,17",61.0375
69,97.33,"72,02",60.831250000000004
70,97.33,"72,02",60.831250000000004
71,97.0,"71,88",60.62499999999999
72,97.0,"71,88",60.62499999999999
73,96.67,"71,73",60.418749999999996
74,96.67,"71,73",60.418749999999996
75,96.66,"71,73",60.4125
76,96.67,"71,73",60.418749999999996
77,96.33,"71,58",60.20625
78,96.34,"71,58",60.212500000000006
79,96.33,"71,58",60.20625
80,96.0,"71,43",60.0
81,96.0,"71,43",60.0
82,96.0,"71,43",60.0
83,96.0,"71,43",60.0
84,95.67,"71,28",59.79375
85,95.66,"71,28",59.787499999999994
86,95.33,"71,13",59.58125
87,95.0,"70,98",59.375
88,95.0,"70,98",59.375
89,95.0,"70,98",59.375
90,94.67,"70,83",59.16875
91,94.67,"70,83",59.16875
92,94.67,"70,83",59.16875
93,94.34,"70,68",58.962500000000006
94,94.33,"70,68",58.95625
95,94.33,"70,68",58.95625
96,94.34,"70,68",58.962500000000006
97,94.0,"70,54",58.75
98,94.0,"70,54",58.75
99,94.0,"70,54",58.75
100,94.0,"70,54",58.75
101,94.0,"70,54",58.75
102,94.0,"70,54",58.75
103,94.0,"70,54",58.75
104,93.66,"70,39",58.537499999999994
105,93.67,"70,39",58.54375
106,93.34,"70,24",58.3375
107,93.33,"70,24",58.331250000000004
108,93.33,"70,24",58.331250000000004
109,93.34,"70,24",58.3375
110,93.33,"70,24",58.331250000000004
111,93.0,"70,09",58.12500000000001
112,93.0,"70,09",58.12500000000001
113,93.0,"70,09",58.12500000000001
114,92.67,"69,94",57.918749999999996
115,92.67,"69,94",57.918749999999996
116,92.66,"69,94",57.9125
117,92.66,"69,94",57.9125
118,92.67,"69,94",57.918749999999996
119,92.67,"69,94",57.918749999999996
120,92.67,"69,94",57.918749999999996
121,92.33,"69,79",57.706250000000004
122,92.33,"69,79",57.706250000000004
123,92.34,"69,79",57.7125
124,92.33,"69,79",57.706250000000004
125,92.33,"69,79",57.706250000000004
126,92.0,"69,64",57.49999999999999
127,92.0,"69,64",57.49999999999999
128,92.0,"69,64",57.49999999999999
129,92.0,"69,64",57.49999999999999
130,92.0,"69,64",57.49999999999999
131,92.0,"69,64",57.49999999999999
132,91.67,"69,5",57.293749999999996
133,91.66,"69,5",57.2875
134,91.67,"69,5",57.293749999999996
135,91.67,"69,5",57.293749999999996
136,91.66,"69,5",57.2875
137,91.34,"69,34",57.087500000000006
138,91.34,"69,34",57.087500000000006
139,91.33,"69,34",57.08125
140,91.0,"69,2",56.875
141,91.0,"69,2",56.875
142,91.0,"69,2",56.875
143,91.0,"69,2",56.875
144,91.0,"69,2",56.875
145,90.67,"69,05",56.66875
146,90.33,"68,9",56.45625
147,90.0,"68,75",56.25
148,90.0,"68,75",56.25
149,90.0,"68,75",56.25
150,90.0,"68,75",56.25
151,90.0,"68,75",56.25
152,90.0,"68,75",56.25
153,90.0,"68,75",56.25
154,89.67,"68,6",56.04375
155,89.67,"68,6",56.04375
156,89.66,"68,6",56.037499999999994
157,89.67,"68,6",56.04375
158,89.66,"68,6",56.037499999999994
159,89.66,"68,6",56.037499999999994
160,89.67,"68,6",56.04375
161,89.67,"68,6",56.04375
162,89.67,"68,6",56.04375
163,89.66,"68,6",56.037499999999994
164,89.66,"68,6",56.037499999999994
165,89.67,"68,6",56.04375
166,89.66,"68,6",56.037499999999994
167,89.34,"68,45",55.837500000000006
168,89.34,"68,45",55.837500000000006
169,89.33,"68,45",55.83125
170,89.33,"68,45",55.83125
171,89.34,"68,45",55.837500000000006
172,89.0,"68,3",55.625
173,89.0,"68,3",55.625
174,89.0,"68,3",55.625
175,89.0,"68,3",55.625
176,89.0,"68,3",55.625
177,88.67,"68,16",55.41875
178,88.66,"68,16",55.412499999999994
179,88.34,68,55.2125
180,88.34,68,55.2125
181,88.34,68,55.2125
182,88.34,68,55.2125
183,88.0,"67,86",55.00000000000001
184,88.0,"67,86",55.00000000000001
185,88.0,"67,86",55.00000000000001
186,88.0,"67,86",55.00000000000001
187,88.0,"67,86",55.00000000000001
188,87.67,"67,71",54.793749999999996
189,87.67,"67,71",54.793749999999996
190,87.67,"67,71",54.793749999999996
191,87.33,"67,56",54.581250000000004
192,87.33,"67,56",54.581250000000004
193,87.33,"67,56",54.581250000000004
194,87.33,"67,56",54.581250000000004
195,87.33,"67,56",54.581250000000004
196,87.33,"67,56",54.581250000000004
197,87.33,"67,56",54.581250000000004
198,87.0,"67,41",54.37499999999999
199,87.0,"67,41",54.37499999999999
200,87.0,"67,41",54.37499999999999
201,87.0,"67,41",54.37499999999999
202,87.0,"67,41",54.37499999999999
203,87.0,"67,41",54.37499999999999
204,86.67,"67,26",54.168749999999996
205,86.67,"67,26",54.168749999999996
206,86.66,"67,26",54.1625
207,86.66,"67,26",54.1625
208,86.66,"67,26",54.1625
209,86.67,"67,26",54.168749999999996
210,86.67,"67,26",54.168749999999996
211,86.33,"67,11",53.95625
212,86.33,"67,11",53.95625
213,86.33,"67,11",53.95625
214,86.0,"66,96",53.75
215,86.0,"66,96",53.75
216,86.0,"66,96",53.75
217,86.0,"66,96",53.75
218,86.0,"66,96",53.75
219,86.0,"66,96",53.75
220,86.0,"66,96",53.75
221,86.0,"66,96",53.75
222,86.0,"66,96",53.75
223,86.0,"66,96",53.75
224,85.67,"66,82",53.54375
225,85.67,"66,82",53.54375
226,85.67,"66,82",53.54375
227,85.67,"66,82",53.54375
228,85.67,"66,82",53.54375
229,85.67,"66,82",53.54375
230,85.67,"66,82",53.54375
231,85.33,"66,67",53.33125
232,85.34,"66,67",53.337500000000006
233,85.34,"66,67",53.337500000000006
234,85.34,"66,67",53.337500000000006
235,85.34,"66,67",53.337500000000006
236,85.0,"66,52",53.125
237,85.0,"66,52",53.125
238,85.0,"66,52",53.125
239,85.0,"66,52",53.125
240,85.0,"66,52",53.125
241,85.0,"66,52",53.125
242,85.0,"66,52",53.125
243,85.0,"66,52",53.125
244,85.0,"66,52",53.125
245,84.67,"66,37",52.91875
246,84.67,"66,37",52.91875
247,84.67,"66,37",52.91875
248,84.66,"66,37",52.912499999999994
249,84.67,"66,37",52.91875
250,84.66,"66,37",52.912499999999994
251,84.66,"66,37",52.912499999999994
252,84.33,"66,22",52.70625
253,84.33,"66,22",52.70625
254,84.34,"66,22",52.712500000000006
255,84.33,"66,22",52.70625
256,84.34,"66,22",52.712500000000006
257,84.0,"66,07",52.5
258,84.0,"66,07",52.5
259,84.0,"66,07",52.5
260,84.0,"66,07",52.5
261,84.0,"66,07",52.5
262,84.0,"66,07",52.5
263,84.0,"66,07",52.5
264,84.0,"66,07",52.5
265,83.67,"65,92",52.29375
266,83.67,"65,92",52.29375
267,83.66,"65,92",52.287499999999994
268,83.67,"65,92",52.29375
269,83.66,"65,92",52.287499999999994
270,83.66,"65,92",52.287499999999994
271,83.67,"65,92",52.29375
272,83.67,"65,92",52.29375
273,83.33,"65,77",52.081250000000004
274,83.33,"65,77",52.081250000000004
275,83.34,"65,77",52.0875
276,83.33,"65,77",52.081250000000004
277,83.34,"65,77",52.0875
278,83.33,"65,77",52.081250000000004
279,83.33,"65,77",52.081250000000004
280,83.34,"65,77",52.0875
281,83.0,"65,63",51.87500000000001
282,83.0,"65,63",51.87500000000001
283,83.0,"65,63",51.87500000000001
284,83.0,"65,63",51.87500000000001
285,83.0,"65,63",51.87500000000001
286,83.0,"65,63",51.87500000000001
287,83.0,"65,63",51.87500000000001
288,82.66,"65,48",51.6625
289,82.66,"65,48",51.6625
290,82.67,"65,48",51.668749999999996
291,82.67,"65,48",51.668749999999996
292,82.67,"65,48",51.668749999999996
293,82.66,"65,48",51.6625
294,82.34,"65,33",51.4625
295,82.34,"65,33",51.4625
296,82.34,"65,33",51.4625
297,82.34,"65,33",51.4625
298,82.33,"65,33",51.456250000000004
299,82.33,"65,33",51.456250000000004
300,82.33,"65,33",51.456250000000004
301,82.33,"65,33",51.456250000000004
302,82.34,"65,33",51.4625
303,82.0,"65,18",51.24999999999999
304,82.0,"65,18",51.24999999999999
305,82.0,"65,18",51.24999999999999
306,82.0,"65,18",51.24999999999999
307,82.0,"65,18",51.24999999999999
308,82.0,"65,18",51.24999999999999
309,82.0,"65,18",51.24999999999999
310,81.66,"65,03",51.0375
311,81.67,"65,03",51.043749999999996
312,81.66,"65,03",51.0375
313,81.67,"65,03",51.043749999999996
314,81.66,"65,03",51.0375
315,81.67,"65,03",51.043749999999996
316,81.66,"65,03",51.0375
317,81.67,"65,03",51.043749999999996
318,81.33,"64,88",50.83125
319,81.33,"64,88",50.83125
320,81.34,"64,88",50.837500000000006
321,81.34,"64,88",50.837500000000006
322,81.33,"64,88",50.83125
323,81.33,"64,88",50.83125
324,81.34,"64,88",50.837500000000006
325,81.33,"64,88",50.83125
326,81.34,"64,88",50.837500000000006
327,81.34,"64,88",50.837500000000006
328,81.0,"64,73",50.625
329,81.0,"64,73",50.625
330,81.0,"64,73",50.625
331,81.0,"64,73",50.625
332,81.0,"64,73",50.625
333,81.0,"64,73",50.625
334,81.0,"64,73",50.625
335,81.0,"64,73",50.625
336,80.67,"64,58",50.41875
337,80.67,"64,58",50.41875
338,80.67,"64,58",50.41875
339,80.67,"64,58",50.41875
340,80.67,"64,58",50.41875
341,80.33,"64,43",50.20625
342,80.33,"64,43",50.20625
343,80.33,"64,43",50.20625
344,80.33,"64,43",50.20625
345,80.33,"64,43",50.20625
346,80.33,"64,43",50.20625
347,80.33,"64,43",50.20625
348,80.33,"64,43",50.20625
349,80.34,"64,43",50.212500000000006
350,80.34,"64,43",50.212500000000006
351,80.34,"64,43",50.212500000000006
352,80.33,"64,43",50.20625
353,80.33,"64,43",50.20625
354,80.33,"64,43",50.20625
355,80.33,"64,43",50.20625
356,80.0,"64,29",50.0
357,80.0,"64,29",50.0
358,80.0,"64,29",50.0
359,80.0,"64,29",50.0
360,80.0,"64,29",50.0
361,80.0,"64,29",50.0
362,79.66,"64,14",49.787499999999994
363,79.66,"64,14",49.787499999999994
364,79.67,"64,14",49.79375
365,79.67,"64,14",49.79375
366,79.67,"64,14",49.79375
367,79.67,"64,14",49.79375
368,79.66,"64,14",49.787499999999994
369,79.66,"64,14",49.787499999999994
370,79.67,"64,14",49.79375
371,79.67,"64,14",49.79375
372,79.66,"64,14",49.787499999999994
373,79.67,"64,14",49.79375
374,79.34,"63,99",49.5875
375,79.33,"63,99",49.58125
376,79.33,"63,99",49.58125
377,79.33,"63,99",49.58125
378,79.33,"63,99",49.58125
379,79.33,"63,99",49.58125
380,79.33,"63,99",49.58125
381,79.33,"63,99",49.58125
382,79.0,"63,84",49.375
383,79.0,"63,84",49.375
384,79.0,"63,84",49.375
385,79.0,"63,84",49.375
386,79.0,"63,84",49.375
387,79.0,"63,84",49.375
388,79.0,"63,84",49.375
389,79.0,"63,84",49.375
390,79.0,"63,84",49.375
391,79.0,"63,84",49.375
392,78.67,"63,69",49.16875
393,78.66,"63,69",49.162499999999994
394,78.66,"63,69",49.162499999999994
395,78.67,"63,69",49.16875
396,78.67,"63,69",49.16875
397,78.67,"63,69",49.16875
398,78.66,"63,69",49.162499999999994
399,78.66,"63,69",49.162499999999994
400,78.67,"63,69",49.16875
401,78.33,"63,54",48.956250000000004
402,78.34,"63,54",48.962500000000006
403,78.33,"63,54",48.956250000000004
404,78.34,"63,54",48.962500000000006
405,78.34,"63,54",48.962500000000006
406,78.34,"63,54",48.962500000000006
407,78.0,"63,39",48.75
408,78.0,"63,39",48.75
409,78.0,"63,39",48.75
410,78.0,"63,39",48.75
411,78.0,"63,39",48.75
412,77.66,"63,25",48.5375
413,77.66,"63,25",48.5375
414,77.67,"63,25",48.54375
415,77.66,"63,25",48.5375
416,77.66,"63,25",48.5375
417,77.66,"63,25",48.5375
418,77.67,"63,25",48.54375
419,77.67,"63,25",48.54375
420,77.66,"63,25",48.5375
421,77.34,"63,09",48.3375
422,77.34,"63,09",48.3375
423,77.34,"63,09",48.3375
424,77.34,"63,09",48.3375
425,77.33,"63,09",48.33125
426,77.0,"62,95",48.125
427,77.0,"62,95",48.125
428,77.0,"62,95",48.125
429,77.0,"62,95",48.125
430,77.0,"62,95",48.125
431,77.0,"62,95",48.125
432,77.0,"62,95",48.125
433,77.0,"62,95",48.125
434,77.0,"62,95",48.125
435,76.67,"62,8",47.918749999999996
436,76.66,"62,8",47.912499999999994
437,76.67,"62,8",47.918749999999996
438,76.66,"62,8",47.912499999999994
439,76.67,"62,8",47.918749999999996
440,76.67,"62,8",47.918749999999996
441,76.67,"62,8",47.918749999999996
442,76.67,"62,8",47.918749999999996
443,76.66,"62,8",47.912499999999994
444,76.34,"62,65",47.712500000000006
445,76.33,"62,65",47.70625
446,76.34,"62,65",47.712500000000006
447,76.34,"62,65",47.712500000000006
448,76.33,"62,65",47.70625
449,76.33,"62,65",47.70625
450,76.33,"62,65",47.70625
451,76.33,"62,65",47.70625
452,76.34,"62,65",47.712500000000006
453,76.0,"62,5",47.5
454,76.0,"62,5",47.5
455,76.0,"62,5",47.5
456,76.0,"62,5",47.5
457,76.0,"62,5",47.5
458,75.67,"62,35",47.29375
459,75.67,"62,35",47.29375
460,75.67,"62,35",47.29375
461,75.67,"62,35",47.29375
462,75.34,"62,2",47.087500000000006
463,75.33,"62,2",47.08125
464,75.34,"62,2",47.087500000000006
465,75.33,"62,2",47.08125
466,75.34,"62,2",47.087500000000006
467,75.33,"62,2",47.08125
468,75.33,"62,2",47.08125
469,75.34,"62,2",47.087500000000006
470,75.34,"62,2",47.087500000000006
471,75.0,"62,05",46.875
472,75.0,"62,05",46.875
473,75.0,"62,05",46.875
474,75.0,"62,05",46.875
475,75.0,"62,05",46.875
476,75.0,"62,05",46.875
477,75.0,"62,05",46.875
478,75.0,"62,05",46.875
479,75.0,"62,05",46.875
480,75.0,"62,05",46.875
481,75.0,"62,05",46.875
482,75.0,"62,05",46.875
483,74.67,"61,91",46.66875
484,74.67,"61,91",46.66875
485,74.66,"61,91",46.662499999999994
486,74.67,"61,91",46.66875
487,74.67,"61,91",46.66875
488,74.67,"61,91",46.66875
489,74.66,"61,91",46.662499999999994
490,74.66,"61,91",46.662499999999994
491,74.67,"61,91",46.66875
492,74.67,"61,91",46.66875
493,74.67,"61,91",46.66875
494,74.66,"61,91",46.662499999999994
495,74.67,"61,91",46.66875
496,74.66,"61,91",46.662499999999994
497,74.67,"61,91",46.66875
498,74.33,"61,75",46.45625
499,74.33,"61,75",46.45625
500,74.33,"61,75",46.45625
501,74.33,"61,75",46.45625
502,74.33,"61,75",46.45625
503,74.34,"61,75",46.4625
504,74.33,"61,75",46.45625
505,74.0,"61,61",46.25
506,74.0,"61,61",46.25
507,74.0,"61,61",46.25
508,74.0,"61,61",46.25
509,74.0,"61,61",46.25
510,74.0,"61,61",46.25
511,74.0,"61,61",46.25
512,73.67,"61,46",46.04375
513,73.66,"61,46",46.037499999999994
514,73.67,"61,46",46.04375
515,73.67,"61,46",46.04375
516,73.66,"61,46",46.037499999999994
517,73.67,"61,46",46.04375
518,73.67,"61,46",46.04375
519,73.66,"61,46",46.037499999999994
520,73.67,"61,46",46.04375
521,73.34,"61,31",45.837500000000006
522,73.33,"61,31",45.831250000000004
523,73.33,"61,31",45.831250000000004
524,73.33,"61,31",45.831250000000004
525,73.33,"61,31",45.831250000000004
526,73.33,"61,31",45.831250000000004
527,73.33,"61,31",45.831250000000004
528,73.33,"61,31",45.831250000000004
529,73.33,"61,31",45.831250000000004
530,73.34,"61,31",45.837500000000006
531,73.33,"61,31",45.831250000000004
532,73.33,"61,31",45.831250000000004
533,73.33,"61,31",45.831250000000004
534,73.34,"61,31",45.837500000000006
535,73.34,"61,31",45.837500000000006
536,73.33,"61,31",45.831250000000004
537,73.33,"61,31",45.831250000000004
538,73.0,"61,16",45.625
539,73.0,"61,16",45.625
540,73.0,"61,16",45.625
541,73.0,"61,16",45.625
542,73.0,"61,16",45.625
543,73.0,"61,16",45.625
544,73.0,"61,16",45.625
545,73.0,"61,16",45.625
546,73.0,"61,16",45.625
547,73.0,"61,16",45.625
548,72.67,"61,01",45.41875
549,72.67,"61,01",45.41875
550,72.67,"61,01",45.41875
551,72.66,"61,01",45.4125
552,72.67,"61,01",45.41875
553,72.67,"61,01",45.41875
554,72.67,"61,01",45.41875
555,72.67,"61,01",45.41875
556,72.67,"61,01",45.41875
557,72.67,"61,01",45.41875
558,72.66,"61,01",45.4125
559,72.67,"61,01",45.41875
560,72.67,"61,01",45.41875
561,72.67,"61,01",45.41875
562,72.67,"61,01",45.41875
563,72.66,"61,01",45.4125
564,72.67,"61,01",45.41875
565,72.66,"61,01",45.4125
566,72.67,"61,01",45.41875
567,72.33,"60,86",45.20625
568,72.33,"60,86",45.20625
569,72.33,"60,86",45.20625
570,72.0,"60,71",45.0
571,72.0,"60,71",45.0
572,72.0,"60,71",45.0
573,72.0,"60,71",45.0
574,72.0,"60,71",45.0
575,72.0,"60,71",45.0
576,72.0,"60,71",45.0
577,72.0,"60,71",45.0
578,72.0,"60,71",45.0
579,72.0,"60,71",45.0
580,72.0,"60,71",45.0
581,72.0,"60,71",45.0
582,71.67,"60,57",44.793749999999996
583,71.67,"60,57",44.793749999999996
584,71.66,"60,57",44.787499999999994
585,71.67,"60,57",44.793749999999996
586,71.67,"60,57",44.793749999999996
587,71.67,"60,57",44.793749999999996
588,71.66,"60,57",44.787499999999994
589,71.66,"60,57",44.787499999999994
590,71.66,"60,57",44.787499999999994
591,71.67,"60,57",44.793749999999996
592,71.66,"60,57",44.787499999999994
593,71.67,"60,57",44.793749999999996
594,71.67,"60,57",44.793749999999996
595,71.33,"60,42",44.58125
596,71.33,"60,42",44.58125
597,71.33,"60,42",44.58125
598,71.33,"60,42",44.58125
599,71.33,"60,42",44.58125
600,71.33,"60,42",44.58125
601,71.33,"60,42",44.58125
602,71.33,"60,42",44.58125
603,71.33,"60,42",44.58125
604,71.33,"60,42",44.58125
605,71.0,"60,27",44.375
606,71.0,"60,27",44.375
607,71.0,"60,27",44.375
608,71.0,"60,27",44.375
609,71.0,"60,27",44.375
610,71.0,"60,27",44.375
611,71.0,"60,27",44.375
612,71.0,"60,27",44.375
613,71.0,"60,27",44.375
614,70.66,"60,12",44.1625
615,70.66,"60,12",44.1625
616,70.66,"60,12",44.1625
617,70.67,"60,12",44.16875
618,70.67,"60,12",44.16875
619,70.67,"60,12",44.16875
620,70.66,"60,12",44.1625
621,70.66,"60,12",44.1625
622,70.66,"60,12",44.1625
623,70.67,"60,12",44.16875
624,70.67,"60,12",44.16875
625,70.67,"60,12",44.16875
626,70.66,"60,12",44.1625
627,70.67,"60,12",44.16875
628,70.67,"60,12",44.16875
629,70.67,"60,12",44.16875
630,70.66,"60,12",44.1625
631,70.67,"60,12",44.16875
632,70.67,"60,12",44.16875
633,70.66,"60,12",44.1625
634,70.33,"59,97",43.95625
635,70.33,"59,97",43.95625
636,70.33,"59,97",43.95625
637,70.33,"59,97",43.95625
638,70.34,"59,97",43.962500000000006
639,70.34,"59,97",43.962500000000006
640,70.33,"59,97",43.95625
641,70.33,"59,97",43.95625
642,70.33,"59,97",43.95625
643,70.33,"59,97",43.95625
644,70.34,"59,97",43.962500000000006
645,70.34,"59,97",43.962500000000006
646,70.34,"59,97",43.962500000000006
647,70.0,"59,82",43.75
648,70.0,"59,82",43.75
649,70.0,"59,82",43.75
650,70.0,"59,82",43.75
651,70.0,"59,82",43.75
652,70.0,"59,82",43.75
653,70.0,"59,82",43.75
654,70.0,"59,82",43.75
655,70.0,"59,82",43.75
656,70.0,"59,82",43.75
657,70.0,"59,82",43.75
658,70.0,"59,82",43.75
659,70.0,"59,82",43.75
660,70.0,"59,82",43.75
661,70.0,"59,82",43.75
662,69.67,"59,67",43.54375
663,69.67,"59,67",43.54375
664,69.67,"59,67",43.54375
665,69.67,"59,67",43.54375
666,69.67,"59,67",43.54375
667,69.66,"59,67",43.537499999999994
668,69.66,"59,67",43.537499999999994
669,69.67,"59,67",43.54375
670,69.67,"59,67",43.54375
671,69.67,"59,67",43.54375
672,69.66,"59,67",43.537499999999994
673,69.66,"59,67",43.537499999999994
674,69.67,"59,67",43.54375
675,69.67,"59,67",43.54375
676,69.33,"59,52",43.33125
677,69.33,"59,52",43.33125
678,69.33,"59,52",43.33125
679,69.33,"59,52",43.33125
680,69.34,"59,52",43.3375
681,69.34,"59,52",43.3375
682,69.33,"59,52",43.33125
683,69.33,"59,52",43.33125
684,69.33,"59,52",43.33125
685,69.34,"59,52",43.3375
686,69.33,"59,52",43.33125
687,69.33,"59,52",43.33125
688,69.33,"59,52",43.33125
689,69.34,"59,52",43.3375
690,69.34,"59,52",43.3375
691,69.34,"59,52",43.3375
692,69.33,"59,52",43.33125
693,69.33,"59,52",43.33125
694,69.33,"59,52",43.33125
695,69.33,"59,52",43.33125
696,69.33,"59,52",43.33125
697,69.33,"59,52",43.33125
698,69.33,"59,52",43.33125
699,69.0,"59,38",43.125
700,69.0,"59,38",43.125
701,69.0,"59,38",43.125
702,69.0,"59,38",43.125
703,69.0,"59,38",43.125
704,69.0,"59,38",43.125
705,69.0,"59,38",43.125
706,69.0,"59,38",43.125
707,69.0,"59,38",43.125
708,69.0,"59,38",43.125
709,69.0,"59,38",43.125
710,69.0,"59,38",43.125
711,69.0,"59,38",43.125
712,69.0,"59,38",43.125
713,69.0,"59,38",43.125
714,68.66,"59,23",42.912499999999994
715,68.67,"59,23",42.91875
716,68.67,"59,23",42.91875
717,68.66,"59,23",42.912499999999994
718,68.66,"59,23",42.912499999999994
719,68.67,"59,23",42.91875
720,68.66,"59,23",42.912499999999994
721,68.67,"59,23",42.91875
722,68.67,"59,23",42.91875
723,68.67,"59,23",42.91875
724,68.67,"59,23",42.91875
725,68.66,"59,23",42.912499999999994
726,68.67,"59,23",42.91875
727,68.67,"59,23",42.91875
728,68.66,"59,23",42.912499999999994
729,68.67,"59,23",42.91875
730,68.66,"59,23",42.912499999999994
731,68.33,"59,08",42.706250000000004
732,68.33,"59,08",42.706250000000004
733,68.33,"59,08",42.706250000000004
734,68.34,"59,08",42.712500000000006
735,68.34,"59,08",42.712500000000006
736,68.33,"59,08",42.706250000000004
737,68.34,"59,08",42.712500000000006
738,68.33,"59,08",42.706250000000004
739,68.33,"59,08",42.706250000000004
740,68.33,"59,08",42.706250000000004
741,68.33,"59,08",42.706250000000004
742,68.33,"59,08",42.706250000000004
743,68.33,"59,08",42.706250000000004
744,68.33,"59,08",42.706250000000004
745,68.33,"59,08",42.706250000000004
746,68.33,"59,08",42.706250000000004
747,68.34,"59,08",42.712500000000006
748,68.34,"59,08",42.712500000000006
749,68.0,"58,93",42.5
750,68.0,"58,93",42.5
751,68.0,"58,93",42.5
752,68.0,"58,93",42.5
753,68.0,"58,93",42.5
754,68.0,"58,93",42.5
755,68.0,"58,93",42.5
756,68.0,"58,93",42.5
757,68.0,"58,93",42.5
758,68.0,"58,93",42.5
759,68.0,"58,93",42.5
760,68.0,"58,93",42.5
761,68.0,"58,93",42.5
762,67.66,"58,78",42.2875
763,67.67,"58,78",42.29375
764,67.67,"58,78",42.29375
765,67.67,"58,78",42.29375
766,67.67,"58,78",42.29375
767,67.67,"58,78",42.29375
768,67.66,"58,78",42.2875
769,67.66,"58,78",42.2875
770,67.66,"58,78",42.2875
771,67.67,"58,78",42.29375
772,67.67,"58,78",42.29375
773,67.67,"58,78",42.29375
774,67.67,"58,78",42.29375
775,67.33,"58,63",42.08125
776,67.34,"58,63",42.0875
777,67.34,"58,63",42.0875
778,67.34,"58,63",42.0875
779,67.34,"58,63",42.0875
780,67.34,"58,63",42.0875
781,67.34,"58,63",42.0875
782,67.33,"58,63",42.08125
783,67.33,"58,63",42.08125
784,67.33,"58,63",42.08125
785,67.0,"58,48",41.875
786,67.0,"58,48",41.875
787,67.0,"58,48",41.875
788,67.0,"58,48",41.875
789,67.0,"58,48",41.875
790,67.0,"58,48",41.875
791,67.0,"58,48",41.875
792,67.0,"58,48",41.875
793,67.0,"58,48",41.875
794,67.0,"58,48",41.875
795,67.0,"58,48",41.875
796,67.0,"58,48",41.875
797,67.0,"58,48",41.875
798,67.0,"58,48",41.875
799,67.0,"58,48",41.875
800,66.67,"58,33",41.668749999999996
801,66.67,"58,33",41.668749999999996
802,66.67,"58,33",41.668749999999996
803,66.66,"58,33",41.662499999999994
804,66.67,"58,33",41.668749999999996
805,66.66,"58,33",41.662499999999994
806,66.67,"58,33",41.668749999999996
807,66.67,"58,33",41.668749999999996
808,66.66,"58,33",41.662499999999994
809,66.67,"58,33",41.668749999999996
810,66.67,"58,33",41.668749999999996
811,66.33,"58,18",41.45625
812,66.33,"58,18",41.45625
813,66.33,"58,18",41.45625
814,66.34,"58,18",41.462500000000006
815,66.33,"58,18",41.45625
816,66.33,"58,18",41.45625
817,66.34,"58,18",41.462500000000006
818,66.34,"58,18",41.462500000000006
819,66.34,"58,18",41.462500000000006
820,66.33,"58,18",41.45625
821,66.33,"58,18",41.45625
822,66.33,"58,18",41.45625
823,66.33,"58,18",41.45625
824,66.34,"58,18",41.462500000000006
825,66.34,"58,18",41.462500000000006
826,66.34,"58,18",41.462500000000006
827,66.33,"58,18",41.45625
828,66.0,"58,04",41.25
829,66.0,"58,04",41.25
830,66.0,"58,04",41.25
831,66.0,"58,04",41.25
832,66.0,"58,04",41.25
833,66.0,"58,04",41.25
834,66.0,"58,04",41.25
835,66.0,"58,04",41.25
836,66.0,"58,04",41.25
837,66.0,"58,04",41.25
838,66.0,"58,04",41.25
839,66.0,"58,04",41.25
840,66.0,"58,04",41.25
841,66.0,"58,04",41.25
842,66.0,"58,04",41.25
843,66.0,"58,04",41.25
844,66.0,"58,04",41.25
845,66.0,"58,04",41.25
846,66.0,"58,04",41.25
847,66.0,"58,04",41.25
848,65.67,"57,89",41.04375
849,65.66,"57,89",41.0375
850,65.67,"57,89",41.04375
851,65.67,"57,89",41.04375
852,65.67,"57,89",41.04375
853,65.67,"57,89",41.04375
854,65.66,"57,89",41.0375
855,65.67,"57,89",41.04375
856,65.67,"57,89",41.04375
857,65.67,"57,89",41.04375
858,65.66,"57,89",41.0375
859,65.66,"57,89",41.0375
860,65.67,"57,89",41.04375
861,65.67,"57,89",41.04375
862,65.67,"57,89",41.04375
863,65.67,"57,89",41.04375
864,65.66,"57,89",41.0375
865,65.33,"57,74",40.83125
866,65.33,"57,74",40.83125
867,65.34,"57,74",40.837500000000006
868,65.34,"57,74",40.837500000000006
869,65.33,"57,74",40.83125
870,65.33,"57,74",40.83125
871,65.33,"57,74",40.83125
872,65.33,"57,74",40.83125
873,65.33,"57,74",40.83125
874,65.34,"57,74",40.837500000000006
875,65.34,"57,74",40.837500000000006
876,65.33,"57,74",40.83125
877,65.33,"57,74",40.83125
878,65.0,"57,59",40.625
879,65.0,"57,59",40.625
880,65.0,"57,59",40.625
881,65.0,"57,59",40.625
882,65.0,"57,59",40.625
883,65.0,"57,59",40.625
884,65.0,"57,59",40.625
885,65.0,"57,59",40.625
886,65.0,"57,59",40.625
887,65.0,"57,59",40.625
888,65.0,"57,59",40.625
889,65.0,"57,59",40.625
890,65.0,"57,59",40.625
891,65.0,"57,59",40.625
892,65.0,"57,59",40.625
893,64.66,"57,44",40.412499999999994
894,64.67,"57,44",40.41875
895,64.67,"57,44",40.41875
896,64.66,"57,44",40.412499999999994
897,64.66,"57,44",40.412499999999994
898,64.66,"57,44",40.412499999999994
899,64.66,"57,44",40.412499999999994
900,64.67,"57,44",40.41875
901,64.67,"57,44",40.41875
902,64.66,"57,44",40.412499999999994
903,64.67,"57,44",40.41875
904,64.67,"57,44",40.41875
905,64.67,"57,44",40.41875
906,64.67,"57,44",40.41875
907,64.66,"57,44",40.412499999999994
908,64.67,"57,44",40.41875
909,64.33,"57,29",40.20625
910,64.34,"57,29",40.2125
911,64.33,"57,29",40.20625
912,64.33,"57,29",40.20625
913,64.33,"57,29",40.20625
914,64.33,"57,29",40.20625
915,64.34,"57,29",40.2125
916,64.34,"57,29",40.2125
917,64.34,"57,29",40.2125
918,64.34,"57,29",40.2125
919,64.34,"57,29",40.2125
920,64.33,"57,29",40.20625
921,64.33,"57,29",40.20625
922,64.33,"57,29",40.20625
923,64.33,"57,29",40.20625
924,64.33,"57,29",40.20625
925,64.0,"57,14",40.0
926,64.0,"57,14",40.0
927,64.0,"57,14",40.0
928,64.0,"57,14",40.0
929,64.0,"57,14",40.0
930,64.0,"57,14",40.0
931,64.0,"57,14",40.0
932,64.0,"57,14",40.0
933,64.0,"57,14",40.0
934,64.0,"57,14",40.0
935,64.0,"57,14",40.0
936,64.0,"57,14",40.0
937,64.0,"57,14",40.0
938,64.0,"57,14",40.0
939,64.0,"57,14",40.0
940,64.0,"57,14",40.0
941,64.0,"57,14",40.0
942,64.0,"57,14",40.0
943,64.0,"57,14",40.0
944,64.0,"57,14",40.0
945,64.0,"57,14",40.0
946,64.0,"57,14",40.0
947,64.0,"57,14",40.0
948,63.67,57,39.79375
949,63.67,57,39.79375
950,63.67,57,39.79375
951,63.67,57,39.79375
952,63.67,57,39.79375
953,63.67,57,39.79375
954,63.67,57,39.79375
955,63.66,57,39.787499999999994
956,63.66,57,39.787499999999994
957,63.67,57,39.79375
958,63.67,57,39.79375
959,63.66,57,39.787499999999994
960,63.66,57,39.787499999999994
961,63.66,57,39.787499999999994
962,63.67,57,39.79375
963,63.67,57,39.79375
964,63.67,57,39.79375
965,63.67,57,39.79375
966,63.34,"56,84",39.587500000000006
967,63.33,"56,84",39.581250000000004
968,63.33,"56,84",39.581250000000004
969,63.34,"56,84",39.587500000000006
970,63.33,"56,84",39.581250000000004
971,63.33,"56,84",39.581250000000004
972,63.34,"56,84",39.587500000000006
973,63.33,"56,84",39.581250000000004
974,63.34,"56,84",39.587500000000006
975,63.33,"56,84",39.581250000000004
976,63.33,"56,84",39.581250000000004
977,63.34,"56,84",39.587500000000006
978,63.33,"56,84",39.581250000000004
979,63.34,"56,84",39.587500000000006
980,63.0,"56,7",39.375
981,63.0,"56,7",39.375
982,63.0,"56,7",39.375
983,63.0,"56,7",39.375
984,63.0,"56,7",39.375
985,63.0,"56,7",39.375
986,63.0,"56,7",39.375
987,63.0,"56,7",39.375
988,63.0,"56,7",39.375
989,63.0,"56,7",39.375
990,63.0,"56,7",39.375
991,63.0,"56,7",39.375
992,63.0,"56,7",39.375
993,63.0,"56,7",39.375
994,63.0,"56,7",39.375
995,63.0,"56,7",39.375
996,63.0,"56,7",39.375
997,63.0,"56,7",39.375
998,63.0,"56,7",39.375
999,63.0,"56,7",39.375
1000,62.67,"56,55",39.16875
1001,62.67,"56,55",39.16875
1002,62.67,"56,55",39.16875
1003,62.67,"56,55",39.16875
1004,62.67,"56,55",39.16875
1005,62.67,"56,55",39.16875
1006,62.67,"56,55",39.16875
1007,62.66,"56,55",39.1625
1008,62.66,"56,55",39.1625
1009,62.67,"56,55",39.16875
1010,62.67,"56,55",39.16875
1011,62.66,"56,55",39.1625
1012,62.67,"56,55",39.16875
1013,62.67,"56,55",39.16875
1014,62.67,"56,55",39.16875
1015,62.33,"56,4",38.95625
1016,62.33,"56,4",38.95625
1017,62.33,"56,4",38.95625
1018,62.34,"56,4",38.9625
1019,62.33,"56,4",38.95625
1020,62.33,"56,4",38.95625
1021,62.34,"56,4",38.9625
1022,62.33,"56,4",38.95625
1023,62.33,"56,4",38.95625
1024,62.33,"56,4",38.95625
1025,62.34,"56,4",38.9625
1026,62.34,"56,4",38.9625
1027,62.0,"56,25",38.75
1028,62.0,"56,25",38.75
1029,62.0,"56,25",38.75
1030,62.0,"56,25",38.75
1031,62.0,"56,25",38.75
1032,62.0,"56,25",38.75
1033,62.0,"56,25",38.75
1034,62.0,"56,25",38.75
1035,62.0,"56,25",38.75
1036,62.0,"56,25",38.75
1037,62.0,"56,25",38.75
1038,62.0,"56,25",38.75
1039,62.0,"56,25",38.75
1040,62.0,"56,25",38.75
1041,62.0,"56,25",38.75
1042,62.0,"56,25",38.75
1043,62.0,"56,25",38.75
1044,61.66,"56,1",38.537499999999994
1045,61.67,"56,1",38.543749999999996
1046,61.67,"56,1",38.543749999999996
1047,61.67,"56,1",38.543749999999996
1048,61.67,"56,1",38.543749999999996
1049,61.67,"56,1",38.543749999999996
1050,61.67,"56,1",38.543749999999996
1051,61.67,"56,1",38.543749999999996
1052,61.67,"56,1",38.543749999999996
1053,61.67,"56,1",38.543749999999996
1054,61.67,"56,1",38.543749999999996
1055,61.67,"56,1",38.543749999999996
1056,61.67,"56,1",38.543749999999996
1057,61.67,"56,1",38.543749999999996
1058,61.67,"56,1",38.543749999999996
1059,61.66,"56,1",38.537499999999994
1060,61.33,"55,95",38.33125
1061,61.33,"55,95",38.33125
1062,61.34,"55,95",38.337500000000006
1063,61.34,"55,95",38.337500000000006
1064,61.34,"55,95",38.337500000000006
1065,61.34,"55,95",38.337500000000006
1066,61.33,"55,95",38.33125
1067,61.33,"55,95",38.33125
1068,61.33,"55,95",38.33125
1069,61.33,"55,95",38.33125
1070,61.33,"55,95",38.33125
1071,61.33,"55,95",38.33125
1072,61.33,"55,95",38.33125
1073,61.33,"55,95",38.33125
1074,61.33,"55,95",38.33125
1075,61.0,"55,8",38.125
1076,61.0,"55,8",38.125
1077,61.0,"55,8",38.125
1078,61.0,"55,8",38.125
1079,61.0,"55,8",38.125
1080,61.0,"55,8",38.125
1081,61.0,"55,8",38.125
1082,61.0,"55,8",38.125
1083,61.0,"55,8",38.125
1084,61.0,"55,8",38.125
1085,61.0,"55,8",38.125
1086,61.0,"55,8",38.125
1087,61.0,"55,8",38.125
1088,61.0,"55,8",38.125
1089,61.0,"55,8",38.125
1090,61.0,"55,8",38.125
1091,61.0,"55,8",38.125
1092,61.0,"55,8",38.125
1093,61.0,"55,8",38.125
1094,61.0,"55,8",38.125
1095,61.0,"55,8",38.125
1096,61.0,"55,8",38.125
1097,60.67,"55,66",37.91875
1098,60.67,"55,66",37.91875
1099,60.67,"55,66",37.91875
1100,60.67,"55,66",37.91875
1101,60.67,"55,66",37.91875
1102,60.67,"55,66",37.91875
1103,60.66,"55,66",37.9125
1104,60.66,"55,66",37.9125
1105,60.66,"55,66",37.9125
1106,60.67,"55,66",37.91875
1107,60.67,"55,66",37.91875
1108,60.66,"55,66",37.9125
1109,60.67,"55,66",37.91875
1110,60.67,"55,66",37.91875
1111,60.67,"55,66",37.91875
1112,60.67,"55,66",37.91875
1113,60.66,"55,66",37.9125
1114,60.67,"55,66",37.91875
1115,60.33,"55,5",37.70625
1116,60.33,"55,5",37.70625
1117,60.33,"55,5",37.70625
1118,60.34,"55,5",37.712500000000006
1119,60.34,"55,5",37.712500000000006
1120,60.33,"55,5",37.70625
1121,60.33,"55,5",37.70625
1122,60.33,"55,5",37.70625
1123,60.34,"55,5",37.712500000000006
1124,60.34,"55,5",37.712500000000006
1125,60.34,"55,5",37.712500000000006
1126,60.34,"55,5",37.712500000000006
1127,60.33,"55,5",37.70625
1128,60.34,"55,5",37.712500000000006
1129,60.33,"55,5",37.70625
1130,60.33,"55,5",37.70625
1131,60.33,"55,5",37.70625
1132,60.0,"55,36",37.5
1133,60.0,"55,36",37.5
1134,60.0,"55,36",37.5
1135,60.0,"55,36",37.5
1136,60.0,"55,36",37.5
1137,60.0,"55,36",37.5
1138,60.0,"55,36",37.5
1139,60.0,"55,36",37.5
1140,60.0,"55,36",37.5
1141,60.0,"55,36",37.5
1142,60.0,"55,36",37.5
1143,60.0,"55,36",37.5
1144,60.0,"55,36",37.5
1145,60.0,"55,36",37.5
1146,60.0,"55,36",37.5
1147,60.0,"55,36",37.5
1148,60.0,"55,36",37.5
1149,60.0,"55,36",37.5
1150,59.66,"55,21",37.287499999999994
1151,59.66,"55,21",37.287499999999994
1152,59.66,"55,21",37.287499999999994
1153,59.67,"55,21",37.29375
1154,59.66,"55,21",37.287499999999994
1155,59.67,"55,21",37.29375
1156,59.67,"55,21",37.29375
1157,59.67,"55,21",37.29375
1158,59.67,"55,21",37.29375
1159,59.66,"55,21",37.287499999999994
1160,59.67,"55,21",37.29375
1161,59.33,"55,06",37.08125
1162,59.33,"55,06",37.08125
1163,59.34,"55,06",37.0875
1164,59.33,"55,06",37.08125
1165,59.34,"55,06",37.0875
1166,59.34,"55,06",37.0875
1167,59.33,"55,06",37.08125
1168,59.34,"55,06",37.0875
1169,59.34,"55,06",37.0875
1170,59.34,"55,06",37.0875
1171,59.33,"55,06",37.08125
1172,59.34,"55,06",37.0875
1173,59.34,"55,06",37.0875
1174,59.34,"55,06",37.0875
1175,59.33,"55,06",37.08125
1176,59.33,"55,06",37.08125
1177,59.33,"55,06",37.08125
1178,59.33,"55,06",37.08125
1179,59.0,"54,91",36.875
1180,59.0,"54,91",36.875
1181,59.0,"54,91",36.875
1182,59.0,"54,91",36.875
1183,59.0,"54,91",36.875
1184,59.0,"54,91",36.875
1185,59.0,"54,91",36.875
1186,59.0,"54,91",36.875
1187,59.0,"54,91",36.875
1188,59.0,"54,91",36.875
1189,59.0,"54,91",36.875
1190,59.0,"54,91",36.875
1191,59.0,"54,91",36.875
1192,59.0,"54,91",36.875
1193,59.0,"54,91",36.875
1194,59.0,"54,91",36.875
1195,58.67,"54,76",36.66875
1196,58.67,"54,76",36.66875
1197,58.66,"54,76",36.662499999999994
1198,58.66,"54,76",36.662499999999994
1199,58.66,"54,76",36.662499999999994
1200,58.66,"54,76",36.662499999999994
1201,58.67,"54,76",36.66875
1202,58.66,"54,76",36.662499999999994
1203,58.67,"54,76",36.66875
1204,58.67,"54,76",36.66875
1205,58.67,"54,76",36.66875
1206,58.67,"54,76",36.66875
1207,58.67,"54,76",36.66875
1208,58.67,"54,76",36.66875
1209,58.66,"54,76",36.662499999999994
1210,58.67,"54,76",36.66875
1211,58.67,"54,76",36.66875
1212,58.67,"54,76",36.66875
1213,58.66,"54,76",36.662499999999994
1214,58.67,"54,76",36.66875
1215,58.67,"54,76",36.66875
1216,58.34,"54,61",36.462500000000006
1217,58.34,"54,61",36.462500000000006
1218,58.33,"54,61",36.456250000000004
1219,58.33,"54,61",36.456250000000004
1220,58.33,"54,61",36.456250000000004
1221,58.33,"54,61",36.456250000000004
1222,58.33,"54,61",36.456250000000004
1223,58.33,"54,61",36.456250000000004
1224,58.33,"54,61",36.456250000000004
1225,58.33,"54,61",36.456250000000004
1226,58.34,"54,61",36.462500000000006
1227,58.34,"54,61",36.462500000000006
1228,58.34,"54,61",36.462500000000006
1229,58.33,"54,61",36.456250000000004
1230,58.33,"54,61",36.456250000000004
1231,58.33,"54,61",36.456250000000004
1232,58.33,"54,61",36.456250000000004
1233,58.0,"54,46",36.25
1234,58.0,"54,46",36.25
1235,58.0,"54,46",36.25
1236,58.0,"54,46",36.25
1237,58.0,"54,46",36.25
1238,58.0,"54,46",36.25
1239,58.0,"54,46",36.25
1240,58.0,"54,46",36.25
1241,58.0,"54,46",36.25
1242,58.0,"54,46",36.25
1243,58.0,"54,46",36.25
1244,58.0,"54,46",36.25
1245,58.0,"54,46",36.25
1246,58.0,"54,46",36.25
1247,58.0,"54,46",36.25
1248,58.0,"54,46",36.25
1249,58.0,"54,46",36.25
1250,57.66,"54,32",36.0375
1251,57.66,"54,32",36.0375
1252,57.67,"54,32",36.04375
1253,57.67,"54,32",36.04375
1254,57.67,"54,32",36.04375
1255,57.67,"54,32",36.04375
1256,57.66,"54,32",36.0375
1257,57.66,"54,32",36.0375
1258,57.67,"54,32",36.04375
1259,57.67,"54,32",36.04375
1260,57.67,"54,32",36.04375
1261,57.66,"54,32",36.0375
1262,57.67,"54,32",36.04375
1263,57.67,"54,32",36.04375
1264,57.67,"54,32",36.04375
1265,57.67,"54,32",36.04375
1266,57.67,"54,32",36.04375
1267,57.67,"54,32",36.04375
1268,57.67,"54,32",36.04375
1269,57.67,"54,32",36.04375
1270,57.34,"54,17",35.8375
1271,57.34,"54,17",35.8375
1272,57.34,"54,17",35.8375
1273,57.34,"54,17",35.8375
1274,57.33,"54,17",35.83125
1275,57.33,"54,17",35.83125
1276,57.34,"54,17",35.8375
1277,57.34,"54,17",35.8375
1278,57.34,"54,17",35.8375
1279,57.33,"54,17",35.83125
1280,57.33,"54,17",35.83125
1281,57.33,"54,17",35.83125
1282,57.33,"54,17",35.83125
1283,57.33,"54,17",35.83125
1284,57.33,"54,17",35.83125
1285,57.33,"54,17",35.83125
1286,57.33,"54,17",35.83125
1287,57.34,"54,17",35.8375
1288,57.33,"54,17",35.83125
1289,57.33,"54,17",35.83125
1290,57.33,"54,17",35.83125
1291,57.33,"54,17",35.83125
1292,57.34,"54,17",35.8375
1293,57.33,"54,17",35.83125
1294,57.33,"54,17",35.83125
1295,57.33,"54,17",35.83125
1296,57.0,"54,02",35.625
1297,57.0,"54,02",35.625
1298,57.0,"54,02",35.625
1299,57.0,"54,02",35.625
1300,57.0,"54,02",35.625
1301,57.0,"54,02",35.625
1302,57.0,"54,02",35.625
1303,57.0,"54,02",35.625
1304,57.0,"54,02",35.625
1305,57.0,"54,02",35.625
1306,57.0,"54,02",35.625
1307,57.0,"54,02",35.625
1308,57.0,"54,02",35.625
1309,57.0,"54,02",35.625
1310,57.0,"54,02",35.625
1311,57.0,"54,02",35.625
1312,57.0,"54,02",35.625
1313,57.0,"54,02",35.625
1314,56.67,"53,87",35.418749999999996
1315,56.67,"53,87",35.418749999999996
1316,56.67,"53,87",35.418749999999996
1317,56.67,"53,87",35.418749999999996
1318,56.66,"53,87",35.412499999999994
1319,56.67,"53,87",35.418749999999996
1320,56.66,"53,87",35.412499999999994
1321,56.66,"53,87",35.412499999999994
1322,56.67,"53,87",35.418749999999996
1323,56.67,"53,87",35.418749999999996
1324,56.67,"53,87",35.418749999999996
1325,56.67,"53,87",35.418749999999996
1326,56.67,"53,87",35.418749999999996
1327,56.33,"53,72",35.20625
1328,56.34,"53,72",35.212500000000006
1329,56.34,"53,72",35.212500000000006
1330,56.33,"53,72",35.20625
1331,56.33,"53,72",35.20625
1332,56.34,"53,72",35.212500000000006
1333,56.34,"53,72",35.212500000000006
1334,56.34,"53,72",35.212500000000006
1335,56.33,"53,72",35.20625
1336,56.33,"53,72",35.20625
1337,56.33,"53,72",35.20625
1338,56.34,"53,72",35.212500000000006
1339,56.33,"53,72",35.20625
1340,56.33,"53,72",35.20625
1341,56.33,"53,72",35.20625
1342,56.33,"53,72",35.20625
1343,56.33,"53,72",35.20625
1344,56.34,"53,72",35.212500000000006
1345,56.0,"53,57",35.0
1346,56.0,"53,57",35.0
1347,56.0,"53,57",35.0
1348,56.0,"53,57",35.0
1349,56.0,"53,57",35.0
1350,56.0,"53,57",35.0
1351,56.0,"53,57",35.0
1352,56.0,"53,57",35.0
1353,56.0,"53,57",35.0
1354,56.0,"53,57",35.0
1355,56.0,"53,57",35.0
1356,56.0,"53,57",35.0
1357,56.0,"53,57",35.0
1358,56.0,"53,57",35.0
1359,56.0,"53,57",35.0
1360,56.0,"53,57",35.0
1361,56.0,"53,57",35.0
1362,56.0,"53,57",35.0
1363,56.0,"53,57",35.0
1364,56.0,"53,57",35.0
1365,56.0,"53,57",35.0
1366,56.0,"53,57",35.0
1367,56.0,"53,57",35.0
1368,56.0,"53,57",35.0
1369,56.0,"53,57",35.0
1370,55.67,"53,42",34.79375
1371,55.66,"53,42",34.7875
1372,55.66,"53,42",34.7875
1373,55.66,"53,42",34.7875
1374,55.67,"53,42",34.79375
1375,55.67,"53,42",34.79375
1376,55.67,"53,42",34.79375
1377,55.66,"53,42",34.7875
1378,55.66,"53,42",34.7875
1379,55.66,"53,42",34.7875
1380,55.66,"53,42",34.7875
1381,55.66,"53,42",34.7875
1382,55.67,"53,42",34.79375
1383,55.67,"53,42",34.79375
1384,55.67,"53,42",34.79375
1385,55.67,"53,42",34.79375
1386,55.66,"53,42",34.7875
1387,55.67,"53,42",34.79375
1388,55.67,"53,42",34.79375
1389,55.67,"53,42",34.79375
1390,55.66,"53,42",34.7875
1391,55.66,"53,42",34.7875
1392,55.67,"53,42",34.79375
1393,55.67,"53,42",34.79375
1394,55.33,"53,27",34.58125
1395,55.33,"53,27",34.58125
1396,55.34,"53,27",34.587500000000006
1397,55.33,"53,27",34.58125
1398,55.33,"53,27",34.58125
1399,55.33,"53,27",34.58125
1400,55.33,"53,27",34.58125
1401,55.34,"53,27",34.587500000000006
1402,55.34,"53,27",34.587500000000006
1403,55.33,"53,27",34.58125
1404,55.33,"53,27",34.58125
1405,55.33,"53,27",34.58125
1406,55.33,"53,27",34.58125
1407,55.34,"53,27",34.587500000000006
1408,55.0,"53,13",34.375
1409,55.0,"53,13",34.375
1410,55.0,"53,13",34.375
1411,55.0,"53,13",34.375
1412,55.0,"53,13",34.375
1413,55.0,"53,13",34.375
1414,55.0,"53,13",34.375
1415,55.0,"53,13",34.375
1416,55.0,"53,13",34.375
1417,55.0,"53,13",34.375
1418,55.0,"53,13",34.375
1419,55.0,"53,13",34.375
1420,55.0,"53,13",34.375
1421,55.0,"53,13",34.375
1422,55.0,"53,13",34.375
1423,55.0,"53,13",34.375
1424,55.0,"53,13",34.375
1425,55.0,"53,13",34.375
1426,55.0,"53,13",34.375
1427,55.0,"53,13",34.375
1428,55.0,"53,13",34.375
1429,55.0,"53,13",34.375
1430,55.0,"53,13",34.375
1431,55.0,"53,13",34.375
1432,55.0,"53,13",34.375
1433,55.0,"53,13",34.375
1434,55.0,"53,13",34.375
1435,54.67,"52,98",34.16875
1436,54.67,"52,98",34.16875
1437,54.67,"52,98",34.16875
1438,54.67,"52,98",34.16875
1439,54.66,"52,98",34.162499999999994
1440,54.66,"52,98",34.162499999999994
1441,54.67,"52,98",34.16875
1442,54.66,"52,98",34.162499999999994
1443,54.67,"52,98",34.16875
1444,54.67,"52,98",34.16875
1445,54.67,"52,98",34.16875
1446,54.66,"52,98",34.162499999999994
1447,54.67,"52,98",34.16875
1448,54.67,"52,98",34.16875
1449,54.67,"52,98",34.16875
1450,54.67,"52,98",34.16875
1451,54.67,"52,98",34.16875
1452,54.67,"52,98",34.16875
1453,54.67,"52,98",34.16875
1454,54.33,"52,83",33.95625
1455,54.33,"52,83",33.95625
1456,54.34,"52,83",33.9625
1457,54.34,"52,83",33.9625
1458,54.34,"52,83",33.9625
1459,54.34,"52,83",33.9625
1460,54.33,"52,83",33.95625
1461,54.33,"52,83",33.95625
1462,54.33,"52,83",33.95625
1463,54.33,"52,83",33.95625
1464,54.33,"52,83",33.95625
1465,54.33,"52,83",33.95625
1466,54.33,"52,83",33.95625
1467,54.33,"52,83",33.95625
1468,54.33,"52,83",33.95625
1469,54.33,"52,83",33.95625
1470,54.33,"52,83",33.95625
1471,54.33,"52,83",33.95625
1472,54.34,"52,83",33.9625
1473,54.34,"52,83",33.9625
1474,54.33,"52,83",33.95625
1475,54.33,"52,83",33.95625
1476,54.33,"52,83",33.95625
1477,54.0,"52,68",33.75
1478,54.0,"52,68",33.75
1479,54.0,"52,68",33.75
1480,54.0,"52,68",33.75
1481,54.0,"52,68",33.75
1482,54.0,"52,68",33.75
1483,54.0,"52,68",33.75
1484,54.0,"52,68",33.75
1485,54.0,"52,68",33.75
1486,54.0,"52,68",33.75
1487,54.0,"52,68",33.75
1488,54.0,"52,68",33.75
1489,54.0,"52,68",33.75
1490,54.0,"52,68",33.75
1491,54.0,"52,68",33.75
1492,53.67,"52,53",33.54375
1493,53.67,"52,53",33.54375
1494,53.67,"52,53",33.54375
1495,53.67,"52,53",33.54375
1496,53.67,"52,53",33.54375
1497,53.66,"52,53",33.537499999999994
1498,53.67,"52,53",33.54375
1499,53.67,"52,53",33.54375
1500,53.67,"52,53",33.54375
1501,53.66,"52,53",33.537499999999994
1502,53.66,"52,53",33.537499999999994
1503,53.67,"52,53",33.54375
1504,53.67,"52,53",33.54375
1505,53.67,"52,53",33.54375
1506,53.67,"52,53",33.54375
1507,53.67,"52,53",33.54375
1508,53.66,"52,53",33.537499999999994
1509,53.66,"52,53",33.537499999999994
1510,53.66,"52,53",33.537499999999994
1511,53.67,"52,53",33.54375
1512,53.67,"52,53",33.54375
1513,53.67,"52,53",33.54375
1514,53.67,"52,53",33.54375
1515,53.66,"52,53",33.537499999999994
1516,53.33,"52,38",33.331250000000004
1517,53.34,"52,38",33.337500000000006
1518,53.34,"52,38",33.337500000000006
1519,53.34,"52,38",33.337500000000006
1520,53.33,"52,38",33.331250000000004
1521,53.33,"52,38",33.331250000000004
1522,53.33,"52,38",33.331250000000004
1523,53.33,"52,38",33.331250000000004
1524,53.33,"52,38",33.331250000000004
1525,53.33,"52,38",33.331250000000004
1526,53.34,"52,38",33.337500000000006
1527,53.34,"52,38",33.337500000000006
1528,53.34,"52,38",33.337500000000006
1529,53.33,"52,38",33.331250000000004
1530,53.33,"52,38",33.331250000000004
1531,53.33,"52,38",33.331250000000004
1532,53.33,"52,38",33.331250000000004
1533,53.34,"52,38",33.337500000000006
1534,53.33,"52,38",33.331250000000004
1535,53.33,"52,38",33.331250000000004
1536,53.0,"52,23",33.125
1537,53.0,"52,23",33.125
1538,53.0,"52,23",33.125
1539,53.0,"52,23",33.125
1540,53.0,"52,23",33.125
1541,53.0,"52,23",33.125
1542,53.0,"52,23",33.125
1543,53.0,"52,23",33.125
1544,53.0,"52,23",33.125
1545,53.0,"52,23",33.125
1546,53.0,"52,23",33.125
1547,53.0,"52,23",33.125
1548,53.0,"52,23",33.125
1549,53.0,"52,23",33.125
1550,53.0,"52,23",33.125
1551,53.0,"52,23",33.125
1552,53.0,"52,23",33.125
1553,52.67,"52,08",32.91875
1554,52.67,"52,08",32.91875
1555,52.67,"52,08",32.91875
1556,52.66,"52,08",32.9125
1557,52.67,"52,08",32.91875
1558,52.67,"52,08",32.91875
1559,52.67,"52,08",32.91875
1560,52.66,"52,08",32.9125
1561,52.66,"52,08",32.9125
1562,52.67,"52,08",32.91875
1563,52.67,"52,08",32.91875
1564,52.67,"52,08",32.91875
1565,52.67,"52,08",32.91875
1566,52.66,"52,08",32.9125
1567,52.67,"52,08",32.91875
1568,52.66,"52,08",32.9125
1569,52.66,"52,08",32.9125
1570,52.66,"52,08",32.9125
1571,52.67,"52,08",32.91875
1572,52.33,"51,93",32.70625
1573,52.34,"51,93",32.7125
1574,52.33,"51,93",32.70625
1575,52.33,"51,93",32.70625
1576,52.34,"51,93",32.7125
1577,52.33,"51,93",32.70625
1578,52.33,"51,93",32.70625
1579,52.33,"51,93",32.70625
1580,52.34,"51,93",32.7125
1581,52.34,"51,93",32.7125
1582,52.34,"51,93",32.7125
1583,52.33,"51,93",32.70625
1584,52.33,"51,93",32.70625
1585,52.33,"51,93",32.70625
1586,52.33,"51,93",32.70625
1587,52.33,"51,93",32.70625
1588,52.34,"51,93",32.7125
1589,52.34,"51,93",32.7125
1590,52.34,"51,93",32.7125
1591,52.33,"51,93",32.70625
1592,52.33,"51,93",32.70625
1593,52.34,"51,93",32.7125
1594,52.34,"51,93",32.7125
1595,52.34,"51,93",32.7125
1596,52.0,"51,79",32.5
1597,52.0,"51,79",32.5
1598,52.0,"51,79",32.5
1599,52.0,"51,79",32.5
1600,52.0,"51,79",32.5
1601,52.0,"51,79",32.5
1602,52.0,"51,79",32.5
1603,52.0,"51,79",32.5
1604,52.0,"51,79",32.5
1605,52.0,"51,79",32.5
1606,52.0,"51,79",32.5
1607,52.0,"51,79",32.5
1608,52.0,"51,79",32.5
1609,52.0,"51,79",32.5
1610,52.0,"51,79",32.5
1611,52.0,"51,79",32.5
1612,52.0,"51,79",32.5
1613,52.0,"51,79",32.5
1614,52.0,"51,79",32.5
1615,52.0,"51,79",32.5
1616,51.67,"51,64",32.293749999999996
1617,51.67,"51,64",32.293749999999996
1618,51.66,"51,64",32.287499999999994
1619,51.66,"51,64",32.287499999999994
1620,51.67,"51,64",32.293749999999996
1621,51.67,"51,64",32.293749999999996
1622,51.67,"51,64",32.293749999999996
1623,51.66,"51,64",32.287499999999994
1624,51.67,"51,64",32.293749999999996
1625,51.67,"51,64",32.293749999999996
1626,51.67,"51,64",32.293749999999996
1627,51.66,"51,64",32.287499999999994
1628,51.66,"51,64",32.287499999999994
1629,51.66,"51,64",32.287499999999994
1630,51.66,"51,64",32.287499999999994
1631,51.67,"51,64",32.293749999999996
1632,51.67,"51,64",32.293749999999996
1633,51.67,"51,64",32.293749999999996
1634,51.67,"51,64",32.293749999999996
1635,51.33,"51,49",32.08125
1636,51.33,"51,49",32.08125
1637,51.34,"51,49",32.087500000000006
1638,51.33,"51,49",32.08125
1639,51.33,"51,49",32.08125
1640,51.33,"51,49",32.08125
1641,51.34,"51,49",32.087500000000006
1642,51.33,"51,49",32.08125
1643,51.33,"51,49",32.08125
1644,51.33,"51,49",32.08125
1645,51.33,"51,49",32.08125
1646,51.33,"51,49",32.08125
1647,51.33,"51,49",32.08125
1648,51.33,"51,49",32.08125
1649,51.0,"51,34",31.874999999999996
1650,51.0,"51,34",31.874999999999996
1651,51.0,"51,34",31.874999999999996
1652,51.0,"51,34",31.874999999999996
1653,51.0,"51,34",31.874999999999996
1654,51.0,"51,34",31.874999999999996
1655,51.0,"51,34",31.874999999999996
1656,51.0,"51,34",31.874999999999996
1657,51.0,"51,34",31.874999999999996
1658,51.0,"51,34",31.874999999999996
1659,51.0,"51,34",31.874999999999996
1660,51.0,"51,34",31.874999999999996
1661,51.0,"51,34",31.874999999999996
1662,51.0,"51,34",31.874999999999996
1663,50.67,"51,19",31.668750000000003
1664,50.67,"51,19",31.668750000000003
1665,50.67,"51,19",31.668750000000003
1666,50.67,"51,19",31.668750000000003
1667,50.66,"51,19",31.662499999999998
1668,50.66,"51,19",31.662499999999998
1669,50.66,"51,19",31.662499999999998
1670,50.67,"51,19",31.668750000000003
1671,50.67,"51,19",31.668750000000003
1672,50.66,"51,19",31.662499999999998
1673,50.67,"51,19",31.668750000000003
1674,50.67,"51,19",31.668750000000003
1675,50.67,"51,19",31.668750000000003
1676,50.67,"51,19",31.668750000000003
1677,50.67,"51,19",31.668750000000003
1678,50.66,"51,19",31.662499999999998
1679,50.66,"51,19",31.662499999999998
1680,50.67,"51,19",31.668750000000003
1681,50.67,"51,19",31.668750000000003
1682,50.66,"51,19",31.662499999999998
1683,50.33,"51,04",31.456249999999997
1684,50.34,"51,04",31.462500000000006
1685,50.33,"51,04",31.456249999999997
1686,50.34,"51,04",31.462500000000006
1687,50.33,"51,04",31.456249999999997
1688,50.33,"51,04",31.456249999999997
1689,50.34,"51,04",31.462500000000006
1690,50.34,"51,04",31.462500000000006
1691,50.33,"51,04",31.456249999999997
1692,50.33,"51,04",31.456249999999997
1693,50.33,"51,04",31.456249999999997
1694,50.34,"51,04",31.462500000000006
1695,50.34,"51,04",31.462500000000006
1696,50.33,"51,04",31.456249999999997
1697,50.34,"51,04",31.462500000000006
1698,50.34,"51,04",31.462500000000006
1699,50.33,"51,04",31.456249999999997
1700,50.34,"51,04",31.462500000000006
1701,50.0,"50,89",31.25
1702,50.0,"50,89",31.25
1703,50.0,"50,89",31.25
1704,50.0,"50,89",31.25
1705,50.0,"50,89",31.25
1706,50.0,"50,89",31.25
1707,50.0,"50,89",31.25
1708,50.0,"50,89",31.25
1709,50.0,"50,89",31.25
1710,50.0,"50,89",31.25
1711,50.0,"50,89",31.25
1712,50.0,"50,89",31.25
1713,50.0,"50,89",31.25
1714,50.0,"50,89",31.25
1715,50.0,"50,89",31.25
1716,50.0,"50,89",31.25
1717,50.0,"50,89",31.25
1718,49.67,"50,75",31.043750000000003
1719,49.67,"50,75",31.043750000000003
1720,49.67,"50,75",31.043750000000003
1721,49.67,"50,75",31.043750000000003
1722,49.67,"50,75",31.043750000000003
1723,49.67,"50,75",31.043750000000003
1724,49.67,"50,75",31.043750000000003
1725,49.67,"50,75",31.043750000000003
1726,49.66,"50,75",31.037499999999994
1727,49.67,"50,75",31.043750000000003
1728,49.67,"50,75",31.043750000000003
1729,49.66,"50,75",31.037499999999994
1730,49.66,"50,75",31.037499999999994
1731,49.67,"50,75",31.043750000000003
1732,49.33,"50,59",30.831249999999997
1733,49.33,"50,59",30.831249999999997
1734,49.33,"50,59",30.831249999999997
1735,49.33,"50,59",30.831249999999997
1736,49.33,"50,59",30.831249999999997
1737,49.33,"50,59",30.831249999999997
1738,49.33,"50,59",30.831249999999997
1739,49.33,"50,59",30.831249999999997
1740,49.33,"50,59",30.831249999999997
1741,49.33,"50,59",30.831249999999997
1742,49.33,"50,59",30.831249999999997
1743,49.33,"50,59",30.831249999999997
1744,49.33,"50,59",30.831249999999997
1745,49.33,"50,59",30.831249999999997
1746,49.33,"50,59",30.831249999999997
1747,49.34,"50,59",30.837500000000002
1748,49.34,"50,59",30.837500000000002
1749,49.34,"50,59",30.837500000000002
1750,49.34,"50,59",30.837500000000002
1751,49.34,"50,59",30.837500000000002
1752,49.33,"50,59",30.831249999999997
1753,49.33,"50,59",30.831249999999997
1754,49.33,"50,59",30.831249999999997
1755,49.34,"50,59",30.837500000000002
1756,49.34,"50,59",30.837500000000002
1757,49.34,"50,59",30.837500000000002
1758,49.34,"50,59",30.837500000000002
1759,49.33,"50,59",30.831249999999997
1760,49.33,"50,59",30.831249999999997
1761,49.33,"50,59",30.831249999999997
1762,49.33,"50,59",30.831249999999997
1763,49.33,"50,59",30.831249999999997
1764,49.34,"50,59",30.837500000000002
1765,49.34,"50,59",30.837500000000002
1766,49.33,"50,59",30.831249999999997
1767,49.0,"50,45",30.625000000000004
1768,49.0,"50,45",30.625000000000004
1769,49.0,"50,45",30.625000000000004
1770,49.0,"50,45",30.625000000000004
1771,49.0,"50,45",30.625000000000004
1772,49.0,"50,45",30.625000000000004
1773,49.0,"50,45",30.625000000000004
1774,49.0,"50,45",30.625000000000004
1775,49.0,"50,45",30.625000000000004
1776,49.0,"50,45",30.625000000000004
1777,49.0,"50,45",30.625000000000004
1778,49.0,"50,45",30.625000000000004
1779,49.0,"50,45",30.625000000000004
1780,49.0,"50,45",30.625000000000004
1781,49.0,"50,45",30.625000000000004
1782,49.0,"50,45",30.625000000000004
1783,49.0,"50,45",30.625000000000004
1784,49.0,"50,45",30.625000000000004
1785,49.0,"50,45",30.625000000000004
1786,49.0,"50,45",30.625000000000004
1787,49.0,"50,45",30.625000000000004
1788,49.0,"50,45",30.625000000000004
1789,49.0,"50,45",30.625000000000004
1790,48.67,"50,3",30.41875
1791,48.67,"50,3",30.41875
1792,48.66,"50,3",30.412499999999998
1793,48.67,"50,3",30.41875
1794,48.67,"50,3",30.41875
1795,48.67,"50,3",30.41875
1796,48.67,"50,3",30.41875
1797,48.67,"50,3",30.41875
1798,48.66,"50,3",30.412499999999998
1799,48.66,"50,3",30.412499999999998
1800,48.66,"50,3",30.412499999999998
1801,48.67,"50,3",30.41875
1802,48.67,"50,3",30.41875
1803,48.67,"50,3",30.41875
1804,48.67,"50,3",30.41875
1805,48.67,"50,3",30.41875
1806,48.67,"50,3",30.41875
1807,48.66,"50,3",30.412499999999998
1808,48.33,"50,15",30.20625
1809,48.34,"50,15",30.212500000000002
1810,48.34,"50,15",30.212500000000002
1811,48.33,"50,15",30.20625
1812,48.33,"50,15",30.20625
1813,48.34,"50,15",30.212500000000002
1814,48.34,"50,15",30.212500000000002
1815,48.34,"50,15",30.212500000000002
1816,48.33,"50,15",30.20625
1817,48.33,"50,15",30.20625
1818,48.33,"50,15",30.20625
1819,48.33,"50,15",30.20625
1820,48.34,"50,15",30.212500000000002
1821,48.34,"50,15",30.212500000000002
1822,48.34,"50,15",30.212500000000002
1823,48.33,"50,15",30.20625
1824,48.33,"50,15",30.20625
1825,48.33,"50,15",30.20625
1826,48.0,50,30.0
1827,48.0,50,30.0
1828,48.0,50,30.0
1829,48.0,50,30.0
1830,48.0,50,30.0
1831,48.0,50,30.0
1832,48.0,50,30.0
1833,48.0,50,30.0
1834,48.0,50,30.0
1835,48.0,50,30.0
1836,48.0,50,30.0
1837,48.0,50,30.0
1838,48.0,50,30.0
1839,48.0,50,30.0
1840,48.0,50,30.0
1841,48.0,50,30.0
1842,48.0,50,30.0
1843,48.0,50,30.0
1844,48.0,50,30.0
1845,48.0,50,30.0
1846,48.0,50,30.0
1847,48.0,50,30.0
1848,48.0,50,30.0
1849,48.0,50,30.0
1850,48.0,50,30.0
1851,48.0,50,30.0
1852,48.0,50,30.0
1853,48.0,50,30.0
1854,48.0,50,30.0
1855,48.0,50,30.0
1856,48.0,50,30.0
1857,48.0,50,30.0
1858,48.0,50,30.0
